Timestamp,RawLM35,vLM35,rawDiode,vDiode
0,9.000,167,0.8162,119,0.5816
1,9.250,166,0.8113,119,0.5816
2,9.500,165,0.8065,119,0.5816
3,9.750,167,0.8162,119,0.5816
4,10.000,171,0.8358,119,0.5816
5,10.250,170,0.8309,119,0.5816
6,10.500,169,0.8260,119,0.5816
7,10.750,166,0.8113,119,0.5816
8,11.000,165,0.8065,119,0.5816
9,11.250,168,0.8211,119,0.5816
10,11.500,170,0.8309,119,0.5816
11,11.750,168,0.8211,119,0.5816
12,12.000,167,0.8162,119,0.5816
13,12.250,166,0.8113,119,0.5816
14,12.500,168,0.8211,119,0.5816
15,12.750,167,0.8162,119,0.5816
16,13.000,171,0.8358,119,0.5816
17,13.250,169,0.8260,119,0.5816
18,13.500,170,0.8309,119,0.5816
19,13.750,174,0.8504,119,0.5816
20,14.000,173,0.8456,119,0.5816
21,14.251,170,0.8309,119,0.5816
22,14.501,171,0.8358,119,0.5816
23,14.751,171,0.8358,119,0.5816
24,15.001,170,0.8309,119,0.5816
25,15.251,169,0.8260,119,0.5816
26,15.501,167,0.8162,119,0.5816
27,15.751,167,0.8162,119,0.5816
28,16.001,168,0.8211,119,0.5816
29,16.251,171,0.8358,119,0.5816
30,16.501,169,0.8260,119,0.5816
31,16.751,170,0.8309,119,0.5816
32,17.001,167,0.8162,119,0.5816
33,17.251,167,0.8162,119,0.5816
34,17.501,168,0.8211,119,0.5816
35,17.751,167,0.8162,119,0.5816
36,18.001,168,0.8211,118,0.5767
37,18.251,167,0.8162,119,0.5816
38,18.501,168,0.8211,119,0.5816
39,18.751,170,0.8309,119,0.5816
40,19.001,168,0.8211,119,0.5816
41,19.251,167,0.8162,119,0.5816
42,19.501,171,0.8358,119,0.5816
43,19.751,169,0.8260,119,0.5816
44,20.001,170,0.8309,119,0.5816
45,20.251,169,0.8260,119,0.5816
46,20.501,168,0.8211,119,0.5816
47,20.751,171,0.8358,119,0.5816
48,21.001,169,0.8260,119,0.5816
49,21.251,169,0.8260,119,0.5816
50,21.501,168,0.8211,119,0.5816
51,21.751,170,0.8309,119,0.5816
52,22.001,169,0.8260,119,0.5816
53,22.251,170,0.8309,119,0.5816
54,22.501,170,0.8309,119,0.5816
55,22.751,169,0.8260,119,0.5816
56,23.001,170,0.8309,119,0.5816
57,23.251,171,0.8358,119,0.5816
58,23.501,169,0.8260,119,0.5816
59,23.751,171,0.8358,118,0.5767
60,24.001,171,0.8358,119,0.5816
61,24.251,169,0.8260,118,0.5767
62,24.501,171,0.8358,119,0.5816
63,24.751,171,0.8358,119,0.5816
64,25.001,170,0.8309,119,0.5816
65,25.251,170,0.8309,119,0.5816
66,25.501,169,0.8260,119,0.5816
67,25.751,170,0.8309,119,0.5816
68,26.001,171,0.8358,119,0.5816
69,26.251,169,0.8260,119,0.5816
70,26.501,170,0.8309,119,0.5816
71,26.752,169,0.8260,118,0.5767
72,27.002,168,0.8211,119,0.5816
73,27.252,170,0.8309,118,0.5767
74,27.502,169,0.8260,119,0.5816
75,27.752,169,0.8260,119,0.5816
76,28.002,169,0.8260,119,0.5816
77,28.252,170,0.8309,119,0.5816
78,28.502,169,0.8260,119,0.5816
79,28.752,169,0.8260,118,0.5767
80,29.002,170,0.8309,119,0.5816
81,29.252,170,0.8309,119,0.5816
82,29.502,169,0.8260,118,0.5767
83,29.752,169,0.8260,119,0.5816
84,30.002,169,0.8260,119,0.5816
85,30.252,169,0.8260,119,0.5816
86,30.502,169,0.8260,119,0.5816
87,30.752,168,0.8211,119,0.5816
88,31.002,169,0.8260,119,0.5816
89,31.252,169,0.8260,119,0.5816
90,31.502,169,0.8260,119,0.5816
91,31.752,169,0.8260,119,0.5816
92,32.002,170,0.8309,119,0.5816
93,32.252,169,0.8260,119,0.5816
94,32.502,172,0.8407,119,0.5816
95,32.752,168,0.8211,119,0.5816
96,33.002,169,0.8260,118,0.5767
97,33.252,170,0.8309,118,0.5767
98,33.502,171,0.8358,118,0.5767
99,33.752,169,0.8260,119,0.5816
100,34.002,173,0.8456,119,0.5816
101,34.252,172,0.8407,119,0.5816
102,34.502,171,0.8358,119,0.5816
103,34.752,169,0.8260,118,0.5767
104,35.002,170,0.8309,118,0.5767
105,35.252,170,0.8309,118,0.5767
106,35.502,170,0.8309,119,0.5816
107,35.752,169,0.8260,118,0.5767
108,36.002,171,0.8358,118,0.5767
109,36.252,170,0.8309,118,0.5767
110,36.502,170,0.8309,118,0.5767
111,36.752,170,0.8309,119,0.5816
112,37.002,170,0.8309,119,0.5816
113,37.252,170,0.8309,118,0.5767
114,37.502,170,0.8309,118,0.5767
115,37.752,170,0.8309,119,0.5816
116,38.002,169,0.8260,118,0.5767
117,38.252,169,0.8260,118,0.5767
118,38.502,169,0.8260,119,0.5816
119,38.752,169,0.8260,118,0.5767
120,39.002,169,0.8260,119,0.5816
121,39.252,169,0.8260,119,0.5816
122,39.502,170,0.8309,119,0.5816
123,39.752,170,0.8309,119,0.5816
124,40.002,170,0.8309,119,0.5816
125,40.252,170,0.8309,119,0.5816
126,40.502,169,0.8260,119,0.5816
127,40.752,169,0.8260,119,0.5816
128,41.003,168,0.8211,118,0.5767
129,41.253,170,0.8309,119,0.5816
130,41.503,169,0.8260,119,0.5816
131,41.753,169,0.8260,119,0.5816
132,42.003,169,0.8260,118,0.5767
133,42.253,170,0.8309,119,0.5816
134,42.503,169,0.8260,119,0.5816
135,42.753,170,0.8309,119,0.5816
136,43.003,170,0.8309,119,0.5816
137,43.253,170,0.8309,119,0.5816
138,43.503,169,0.8260,119,0.5816
139,43.753,169,0.8260,119,0.5816
140,44.003,170,0.8309,119,0.5816
141,44.253,169,0.8260,119,0.5816
142,44.503,169,0.8260,119,0.5816
143,44.753,168,0.8211,119,0.5816
144,45.003,167,0.8162,119,0.5816
145,45.253,170,0.8309,119,0.5816
146,45.503,171,0.8358,119,0.5816
147,45.753,168,0.8211,118,0.5767
148,46.003,173,0.8456,119,0.5816
149,46.253,169,0.8260,119,0.5816
150,46.503,170,0.8309,119,0.5816
151,46.753,169,0.8260,119,0.5816
152,47.003,169,0.8260,119,0.5816
153,47.253,170,0.8309,119,0.5816
154,47.503,169,0.8260,119,0.5816
155,47.753,169,0.8260,119,0.5816
156,48.003,169,0.8260,119,0.5816
157,48.253,168,0.8211,119,0.5816
158,48.503,170,0.8309,119,0.5816
159,48.753,170,0.8309,119,0.5816
160,49.003,171,0.8358,118,0.5767
161,49.253,172,0.8407,119,0.5816
162,49.503,170,0.8309,118,0.5767
163,49.753,169,0.8260,119,0.5816
164,50.003,170,0.8309,118,0.5767
165,50.253,169,0.8260,119,0.5816
166,50.503,170,0.8309,119,0.5816
167,50.753,168,0.8211,118,0.5767
168,51.003,171,0.8358,119,0.5816
169,51.253,170,0.8309,119,0.5816
170,51.503,171,0.8358,118,0.5767
171,51.753,171,0.8358,119,0.5816
172,52.003,172,0.8407,119,0.5816
173,52.253,171,0.8358,119,0.5816
174,52.503,171,0.8358,119,0.5816
175,52.753,171,0.8358,119,0.5816
176,53.003,172,0.8407,119,0.5816
177,53.253,171,0.8358,118,0.5767
178,53.504,170,0.8309,119,0.5816
179,53.754,170,0.8309,119,0.5816
180,54.004,170,0.8309,118,0.5767
181,54.254,169,0.8260,118,0.5767
182,54.504,169,0.8260,119,0.5816
183,54.754,168,0.8211,119,0.5816
184,55.004,169,0.8260,118,0.5767
185,55.254,169,0.8260,119,0.5816
186,55.504,169,0.8260,119,0.5816
187,55.754,169,0.8260,119,0.5816
188,56.004,171,0.8358,119,0.5816
189,56.254,171,0.8358,119,0.5816
190,56.504,169,0.8260,119,0.5816
191,56.754,172,0.8407,119,0.5816
192,57.004,171,0.8358,119,0.5816
193,57.254,170,0.8309,119,0.5816
194,57.504,172,0.8407,119,0.5816
195,57.754,171,0.8358,119,0.5816
196,58.004,170,0.8309,119,0.5816
197,58.254,171,0.8358,119,0.5816
198,58.504,167,0.8162,119,0.5816
199,58.754,167,0.8162,118,0.5767
200,59.004,169,0.8260,119,0.5816
201,59.254,169,0.8260,118,0.5767
202,59.504,169,0.8260,118,0.5767
203,59.754,167,0.8162,119,0.5816
204,60.004,167,0.8162,119,0.5816
205,60.254,167,0.8162,119,0.5816
206,60.504,167,0.8162,118,0.5767
207,60.754,167,0.8162,119,0.5816
208,61.004,167,0.8162,119,0.5816
209,61.254,166,0.8113,119,0.5816
210,61.504,170,0.8309,119,0.5816
211,61.754,170,0.8309,119,0.5816
212,62.004,168,0.8211,119,0.5816
213,62.254,168,0.8211,119,0.5816
214,62.504,165,0.8065,119,0.5816
215,62.754,163,0.7967,119,0.5816
216,63.004,165,0.8065,119,0.5816
217,63.254,166,0.8113,119,0.5816
218,63.504,163,0.7967,119,0.5816
219,63.754,162,0.7918,119,0.5816
220,64.004,162,0.7918,119,0.5816
221,64.254,162,0.7918,119,0.5816
222,64.504,164,0.8016,119,0.5816
223,64.754,162,0.7918,119,0.5816
224,65.004,161,0.7869,118,0.5767
225,65.254,162,0.7918,119,0.5816
226,65.504,160,0.7820,119,0.5816
227,65.754,161,0.7869,119,0.5816
228,66.004,159,0.7771,119,0.5816
229,66.254,159,0.7771,119,0.5816
230,66.504,160,0.7820,118,0.5767
231,66.754,158,0.7722,119,0.5816
232,67.004,159,0.7771,119,0.5816
233,67.254,160,0.7820,119,0.5816
234,67.504,161,0.7869,119,0.5816
235,67.755,160,0.7820,118,0.5767
236,68.005,160,0.7820,119,0.5816
237,68.255,158,0.7722,119,0.5816
238,68.505,159,0.7771,119,0.5816
239,68.755,157,0.7674,119,0.5816
240,69.005,160,0.7820,119,0.5816
241,69.255,159,0.7771,119,0.5816
242,69.505,159,0.7771,119,0.5816
243,69.755,160,0.7820,119,0.5816
244,70.005,161,0.7869,119,0.5816
245,70.255,162,0.7918,119,0.5816
246,70.505,166,0.8113,119,0.5816
247,70.755,162,0.7918,119,0.5816
248,71.005,162,0.7918,119,0.5816
249,71.255,162,0.7918,119,0.5816
250,71.505,162,0.7918,118,0.5767
251,71.755,163,0.7967,119,0.5816
252,72.005,164,0.8016,119,0.5816
253,72.255,162,0.7918,119,0.5816
254,72.505,161,0.7869,119,0.5816
255,72.755,160,0.7820,119,0.5816
256,73.005,162,0.7918,119,0.5816
257,73.255,160,0.7820,119,0.5816
258,73.505,160,0.7820,119,0.5816
259,73.755,160,0.7820,118,0.5767
260,74.005,161,0.7869,119,0.5816
261,74.255,160,0.7820,119,0.5816
262,74.505,161,0.7869,118,0.5767
263,74.755,161,0.7869,119,0.5816
264,75.005,161,0.7869,119,0.5816
265,75.255,161,0.7869,119,0.5816
266,75.505,161,0.7869,119,0.5816
267,75.755,162,0.7918,119,0.5816
268,76.005,162,0.7918,119,0.5816
269,76.255,162,0.7918,119,0.5816
270,76.505,163,0.7967,119,0.5816
271,76.755,164,0.8016,119,0.5816
272,77.005,163,0.7967,119,0.5816
273,77.255,161,0.7869,119,0.5816
274,77.505,163,0.7967,119,0.5816
275,77.755,162,0.7918,119,0.5816
276,78.005,161,0.7869,118,0.5767
277,78.255,161,0.7869,119,0.5816
278,78.505,160,0.7820,119,0.5816
279,78.755,161,0.7869,119,0.5816
280,79.005,162,0.7918,119,0.5816
281,79.255,161,0.7869,119,0.5816
282,79.505,161,0.7869,119,0.5816
283,79.755,160,0.7820,119,0.5816
284,80.005,161,0.7869,119,0.5816
285,80.256,160,0.7820,118,0.5767
286,80.506,161,0.7869,118,0.5767
287,80.756,162,0.7918,118,0.5767
288,81.006,161,0.7869,118,0.5767
289,81.256,161,0.7869,119,0.5816
290,81.506,162,0.7918,119,0.5816
291,81.756,161,0.7869,119,0.5816
292,82.006,161,0.7869,119,0.5816
293,82.256,161,0.7869,118,0.5767
294,82.506,161,0.7869,118,0.5767
295,82.756,162,0.7918,119,0.5816
296,83.006,162,0.7918,119,0.5816
297,83.256,162,0.7918,119,0.5816
298,83.506,161,0.7869,119,0.5816
299,83.756,161,0.7869,119,0.5816
300,84.006,163,0.7967,119,0.5816
301,84.256,162,0.7918,118,0.5767
302,84.506,162,0.7918,118,0.5767
303,84.756,162,0.7918,119,0.5816
304,85.006,162,0.7918,118,0.5767
305,85.256,161,0.7869,119,0.5816
306,85.506,161,0.7869,119,0.5816
307,85.756,161,0.7869,118,0.5767
308,86.006,161,0.7869,119,0.5816
309,86.256,161,0.7869,119,0.5816
310,86.506,161,0.7869,118,0.5767
311,86.756,161,0.7869,119,0.5816
312,87.006,160,0.7820,119,0.5816
313,87.256,160,0.7820,119,0.5816
314,87.506,160,0.7820,119,0.5816
315,87.756,160,0.7820,119,0.5816
316,88.006,162,0.7918,119,0.5816
317,88.256,184,0.8993,119,0.5816
318,88.506,184,0.8993,119,0.5816
319,88.756,183,0.8944,119,0.5816
320,89.006,169,0.8260,120,0.5865
321,89.256,189,0.9238,126,0.6158
322,89.506,195,0.9531,134,0.6549
323,89.756,183,0.8944,122,0.5963
324,90.006,182,0.8895,122,0.5963
325,90.256,181,0.8847,122,0.5963
326,90.506,180,0.8798,123,0.6012
327,90.756,179,0.8749,123,0.6012
328,91.006,177,0.8651,124,0.6061
329,91.256,179,0.8749,124,0.6061
330,91.506,176,0.8602,125,0.6109
331,91.756,176,0.8602,125,0.6109
332,92.006,176,0.8602,125,0.6109
333,92.256,176,0.8602,128,0.6256
334,92.506,174,0.8504,130,0.6354
335,92.756,171,0.8358,133,0.6500
336,93.006,168,0.8211,134,0.6549
337,93.256,168,0.8211,136,0.6647
338,93.506,165,0.8065,137,0.6696
339,93.756,162,0.7918,138,0.6745
340,94.006,156,0.7625,139,0.6794
341,94.256,154,0.7527,140,0.6843
342,94.507,152,0.7429,141,0.6891
343,94.757,150,0.7331,142,0.6940
344,95.007,147,0.7185,142,0.6940
345,95.257,145,0.7087,143,0.6989
346,95.507,146,0.7136,143,0.6989
347,95.757,140,0.6843,143,0.6989
348,96.007,137,0.6696,144,0.7038
349,96.257,134,0.6549,144,0.7038
350,96.507,133,0.6500,144,0.7038
351,96.757,131,0.6403,145,0.7087
352,97.007,127,0.6207,145,0.7087
353,97.257,124,0.6061,145,0.7087
354,97.507,128,0.6256,145,0.7087
355,97.757,121,0.5914,145,0.7087
356,98.007,118,0.5767,146,0.7136
357,98.257,116,0.5670,146,0.7136
358,98.507,115,0.5621,146,0.7136
359,98.757,113,0.5523,146,0.7136
360,99.007,119,0.5816,146,0.7136
361,99.257,118,0.5767,146,0.7136
362,99.507,109,0.5327,146,0.7136
363,99.757,110,0.5376,146,0.7136
364,100.007,102,0.4985,147,0.7185
365,100.257,103,0.5034,147,0.7185
366,100.507,100,0.4888,147,0.7185
367,100.757,98,0.4790,147,0.7185
368,101.007,96,0.4692,147,0.7185
369,101.257,96,0.4692,147,0.7185
370,101.507,91,0.4448,147,0.7185
371,101.757,94,0.4594,147,0.7185
372,102.007,92,0.4497,147,0.7185
373,102.257,91,0.4448,147,0.7185
374,102.507,90,0.4399,147,0.7185
375,102.757,87,0.4252,147,0.7185
376,103.007,80,0.3910,147,0.7185
377,103.257,88,0.4301,147,0.7185
378,103.507,85,0.4154,147,0.7185
379,103.757,82,0.4008,147,0.7185
380,104.007,83,0.4057,147,0.7185
381,104.257,80,0.3910,147,0.7185
382,104.507,79,0.3861,147,0.7185
383,104.757,80,0.3910,147,0.7185
384,105.007,72,0.3519,147,0.7185
385,105.257,76,0.3715,147,0.7185
386,105.507,72,0.3519,147,0.7185
387,105.757,73,0.3568,147,0.7185
388,106.007,73,0.3568,147,0.7185
389,106.257,71,0.3470,147,0.7185
390,106.507,69,0.3372,147,0.7185
391,106.757,68,0.3324,147,0.7185
392,107.008,68,0.3324,147,0.7185
393,107.258,64,0.3128,147,0.7185
394,107.508,71,0.3470,147,0.7185
395,107.758,64,0.3128,147,0.7185
396,108.008,63,0.3079,147,0.7185
397,108.258,68,0.3324,147,0.7185
398,108.508,65,0.3177,148,0.7234
399,108.758,64,0.3128,147,0.7185
400,109.008,60,0.2933,147,0.7185
401,109.258,61,0.2981,148,0.7234
402,109.508,57,0.2786,148,0.7234
403,109.758,57,0.2786,148,0.7234
404,110.008,59,0.2884,148,0.7234
405,110.258,58,0.2835,148,0.7234
406,110.508,58,0.2835,148,0.7234
407,110.758,52,0.2542,147,0.7185
408,111.008,56,0.2737,148,0.7234
409,111.258,50,0.2444,148,0.7234
410,111.508,55,0.2688,148,0.7234
411,111.758,53,0.2590,148,0.7234
412,112.008,50,0.2444,148,0.7234
413,112.258,50,0.2444,148,0.7234
414,112.508,48,0.2346,148,0.7234
415,112.758,50,0.2444,148,0.7234
416,113.008,50,0.2444,148,0.7234
417,113.258,54,0.2639,148,0.7234
418,113.508,50,0.2444,148,0.7234
419,113.758,48,0.2346,148,0.7234
420,114.008,46,0.2248,148,0.7234
421,114.258,44,0.2151,148,0.7234
422,114.508,48,0.2346,148,0.7234
423,114.758,43,0.2102,148,0.7234
424,115.008,43,0.2102,148,0.7234
425,115.258,42,0.2053,148,0.7234
426,115.508,42,0.2053,148,0.7234
427,115.758,41,0.2004,148,0.7234
428,116.008,41,0.2004,148,0.7234
429,116.258,40,0.1955,148,0.7234
430,116.508,40,0.1955,148,0.7234
431,116.758,40,0.1955,148,0.7234
432,117.008,39,0.1906,148,0.7234
433,117.258,39,0.1906,148,0.7234
434,117.508,38,0.1857,148,0.7234
435,117.758,38,0.1857,148,0.7234
436,118.008,37,0.1808,148,0.7234
437,118.258,37,0.1808,148,0.7234
438,118.508,36,0.1760,148,0.7234
439,118.758,37,0.1808,148,0.7234
440,119.008,38,0.1857,148,0.7234
441,119.258,60,0.2933,148,0.7234
442,119.508,33,0.1613,148,0.7234
443,119.758,35,0.1711,148,0.7234
444,120.008,65,0.3177,148,0.7234
445,120.258,5,0.0244,148,0.7234
446,120.508,8,0.0391,148,0.7234
447,120.758,51,0.2493,148,0.7234
448,121.008,9,0.0440,148,0.7234
449,121.259,11,0.0538,148,0.7234
450,121.509,48,0.2346,148,0.7234
451,121.759,66,0.3226,148,0.7234
452,122.009,21,0.1026,148,0.7234
453,122.259,46,0.2248,148,0.7234
454,122.509,8,0.0391,148,0.7234
455,122.759,43,0.2102,148,0.7234
456,123.009,19,0.0929,148,0.7234
457,123.259,39,0.1906,148,0.7234
458,123.509,33,0.1613,148,0.7234
459,123.759,39,0.1906,148,0.7234
460,124.009,37,0.1808,148,0.7234
461,124.259,48,0.2346,148,0.7234
462,124.509,47,0.2297,148,0.7234
463,124.759,39,0.1906,148,0.7234
464,125.009,42,0.2053,148,0.7234
465,125.259,34,0.1662,148,0.7234
466,125.509,21,0.1026,148,0.7234
467,125.759,25,0.1222,148,0.7234
468,126.009,26,0.1271,148,0.7234
469,126.259,29,0.1417,148,0.7234
470,126.509,30,0.1466,148,0.7234
471,126.759,27,0.1320,148,0.7234
472,127.009,29,0.1417,148,0.7234
473,127.259,27,0.1320,148,0.7234
474,127.509,25,0.1222,148,0.7234
475,127.759,28,0.1369,148,0.7234
476,128.009,27,0.1320,148,0.7234
477,128.259,28,0.1369,148,0.7234
478,128.509,25,0.1222,148,0.7234
479,128.759,27,0.1320,148,0.7234
480,129.009,24,0.1173,148,0.7234
481,129.259,25,0.1222,148,0.7234
482,129.509,28,0.1369,148,0.7234
483,129.759,26,0.1271,148,0.7234
484,130.009,27,0.1320,148,0.7234
485,130.259,22,0.1075,148,0.7234
486,130.509,22,0.1075,148,0.7234
487,130.759,21,0.1026,148,0.7234
488,131.009,17,0.0831,148,0.7234
489,131.259,38,0.1857,148,0.7234
490,131.509,14,0.0684,148,0.7234
491,131.759,2,0.0098,148,0.7234
492,132.009,4,0.0196,148,0.7234
493,132.259,42,0.2053,148,0.7234
494,132.509,7,0.0342,148,0.7234
495,132.759,8,0.0391,148,0.7234
496,133.009,6,0.0293,148,0.7234
497,133.259,5,0.0244,148,0.7234
498,133.509,1,0.0049,148,0.7234
499,133.760,35,0.1711,148,0.7234
500,134.010,34,0.1662,148,0.7234
501,134.260,13,0.0635,148,0.7234
502,134.510,27,0.1320,148,0.7234
503,134.760,37,0.1808,148,0.7234
504,135.010,48,0.2346,148,0.7234
505,135.260,25,0.1222,148,0.7234
506,135.510,47,0.2297,148,0.7234
507,135.760,22,0.1075,148,0.7234
508,136.010,3,0.0147,148,0.7234
509,136.260,1,0.0049,148,0.7234
510,136.510,45,0.2199,148,0.7234
511,136.760,2,0.0098,148,0.7234
512,137.010,35,0.1711,148,0.7234
513,137.260,4,0.0196,148,0.7234
514,137.510,24,0.1173,148,0.7234
515,137.760,33,0.1613,148,0.7234
516,138.010,32,0.1564,148,0.7234
517,138.260,9,0.0440,148,0.7234
518,138.510,13,0.0635,148,0.7234
519,138.760,27,0.1320,148,0.7234
520,139.010,25,0.1222,148,0.7234
521,139.260,27,0.1320,148,0.7234
522,139.510,18,0.0880,148,0.7234
523,139.760,20,0.0978,148,0.7234
524,140.010,25,0.1222,148,0.7234
525,140.260,23,0.1124,148,0.7234
526,140.510,24,0.1173,148,0.7234
527,140.760,25,0.1222,148,0.7234
528,141.010,24,0.1173,148,0.7234
529,141.260,24,0.1173,148,0.7234
530,141.510,24,0.1173,148,0.7234
531,141.760,26,0.1271,148,0.7234
532,142.010,26,0.1271,148,0.7234
533,142.260,24,0.1173,148,0.7234
534,142.510,23,0.1124,148,0.7234
535,142.760,23,0.1124,148,0.7234
536,143.010,27,0.1320,148,0.7234
537,143.260,21,0.1026,148,0.7234
538,143.510,28,0.1369,148,0.7234
539,143.760,16,0.0782,148,0.7234
540,144.010,33,0.1613,148,0.7234
541,144.260,2,0.0098,148,0.7234
542,144.510,27,0.1320,148,0.7234
543,144.760,9,0.0440,148,0.7234
544,145.010,23,0.1124,148,0.7234
545,145.260,0,0.0000,148,0.7234
546,145.510,30,0.1466,148,0.7234
547,145.760,7,0.0342,148,0.7234
548,146.010,0,0.0000,148,0.7234
549,146.260,29,0.1417,148,0.7234
550,146.510,24,0.1173,148,0.7234
551,146.760,26,0.1271,148,0.7234
552,147.010,0,0.0000,148,0.7234
553,147.260,1,0.0049,148,0.7234
554,147.510,0,0.0000,148,0.7234
555,147.760,40,0.1955,148,0.7234
556,148.011,0,0.0000,148,0.7234
557,148.261,19,0.0929,148,0.7234
558,148.511,36,0.1760,148,0.7234
559,148.761,27,0.1320,148,0.7234
560,149.011,27,0.1320,148,0.7234
561,149.261,0,0.0000,148,0.7234
562,149.511,0,0.0000,148,0.7234
563,149.761,39,0.1906,148,0.7234
564,150.011,28,0.1369,148,0.7234
565,150.261,38,0.1857,148,0.7234
566,150.511,0,0.0000,148,0.7234
567,150.761,24,0.1173,148,0.7234
568,151.011,26,0.1271,148,0.7234
569,151.261,28,0.1369,148,0.7234
570,151.511,28,0.1369,148,0.7234
571,151.761,25,0.1222,148,0.7234
572,152.011,28,0.1369,148,0.7234
573,152.261,24,0.1173,148,0.7234
574,152.511,25,0.1222,148,0.7234
575,152.761,23,0.1124,148,0.7234
576,153.011,19,0.0929,148,0.7234
577,153.261,27,0.1320,148,0.7234
578,153.511,24,0.1173,148,0.7234
579,153.761,26,0.1271,148,0.7234
580,154.011,28,0.1369,148,0.7234
581,154.261,34,0.1662,148,0.7234
582,154.511,8,0.0391,148,0.7234
583,154.761,25,0.1222,148,0.7234
584,155.011,29,0.1417,148,0.7234
585,155.261,6,0.0293,148,0.7234
586,155.511,7,0.0342,148,0.7234
587,155.761,37,0.1808,148,0.7234
588,156.011,21,0.1026,148,0.7234
589,156.261,15,0.0733,148,0.7234
590,156.511,16,0.0782,148,0.7234
591,156.761,10,0.0489,148,0.7234
592,157.011,27,0.1320,148,0.7234
593,157.261,12,0.0587,148,0.7234
594,157.511,13,0.0635,148,0.7234
595,157.761,0,0.0000,148,0.7234
596,158.011,23,0.1124,148,0.7234
597,158.261,0,0.0000,148,0.7234
598,158.511,13,0.0635,148,0.7234
599,158.761,12,0.0587,148,0.7234
600,159.011,7,0.0342,148,0.7234
601,159.261,8,0.0391,148,0.7234
602,159.511,25,0.1222,148,0.7234
603,159.761,14,0.0684,148,0.7234
604,160.011,21,0.1026,148,0.7234
605,160.261,0,0.0000,148,0.7234
606,160.512,12,0.0587,148,0.7234
607,160.762,1,0.0049,148,0.7234
608,161.012,2,0.0098,148,0.7234
609,161.262,0,0.0000,148,0.7234
610,161.512,24,0.1173,148,0.7234
611,161.762,5,0.0244,148,0.7234
612,162.012,10,0.0489,148,0.7234
613,162.262,11,0.0538,148,0.7234
614,162.512,0,0.0000,148,0.7234
615,162.762,13,0.0635,148,0.7234
616,163.012,2,0.0098,148,0.7234
617,163.262,15,0.0733,148,0.7234
618,163.512,2,0.0098,148,0.7234
619,163.762,8,0.0391,148,0.7234
620,164.012,4,0.0196,148,0.7234
621,164.262,13,0.0635,148,0.7234
622,164.512,15,0.0733,148,0.7234
623,164.762,9,0.0440,148,0.7234
624,165.012,5,0.0244,148,0.7234
625,165.262,22,0.1075,148,0.7234
626,165.512,10,0.0489,148,0.7234
627,165.762,28,0.1369,148,0.7234
628,166.012,13,0.0635,148,0.7234
629,166.262,13,0.0635,148,0.7234
630,166.512,0,0.0000,148,0.7234
631,166.762,0,0.0000,148,0.7234
632,167.012,25,0.1222,148,0.7234
633,167.262,21,0.1026,148,0.7234
634,167.512,24,0.1173,148,0.7234
635,167.762,5,0.0244,148,0.7234
636,168.012,11,0.0538,148,0.7234
637,168.262,16,0.0782,148,0.7234
638,168.512,26,0.1271,148,0.7234
639,168.762,20,0.0978,148,0.7234
640,169.012,19,0.0929,148,0.7234
641,169.262,23,0.1124,148,0.7234
642,169.512,11,0.0538,148,0.7234
643,169.762,6,0.0293,148,0.7234
644,170.012,0,0.0000,148,0.7234
645,170.262,28,0.1369,148,0.7234
646,170.512,27,0.1320,148,0.7234
647,170.762,21,0.1026,148,0.7234
648,171.012,25,0.1222,148,0.7234
649,171.262,8,0.0391,148,0.7234
650,171.512,14,0.0684,148,0.7234
651,171.762,9,0.0440,148,0.7234
652,172.012,25,0.1222,148,0.7234
653,172.262,10,0.0489,148,0.7234
654,172.512,16,0.0782,148,0.7234
655,172.762,14,0.0684,148,0.7234
656,173.012,4,0.0196,148,0.7234
657,173.262,17,0.0831,148,0.7234
658,173.512,0,0.0000,148,0.7234
659,173.762,19,0.0929,148,0.7234
660,174.012,27,0.1320,148,0.7234
661,174.262,3,0.0147,148,0.7234
662,174.512,19,0.0929,148,0.7234
663,174.763,11,0.0538,148,0.7234
664,175.013,10,0.0489,148,0.7234
665,175.263,0,0.0000,148,0.7234
666,175.513,0,0.0000,148,0.7234
667,175.763,6,0.0293,148,0.7234
668,176.013,7,0.0342,148,0.7234
669,176.263,11,0.0538,148,0.7234
670,176.513,15,0.0733,148,0.7234
671,176.763,13,0.0635,148,0.7234
672,177.013,0,0.0000,148,0.7234
673,177.263,2,0.0098,148,0.7234
674,177.513,0,0.0000,148,0.7234
675,177.763,12,0.0587,148,0.7234
676,178.013,28,0.1369,148,0.7234
677,178.263,11,0.0538,148,0.7234
678,178.513,6,0.0293,148,0.7234
679,178.763,8,0.0391,148,0.7234
680,179.013,9,0.0440,148,0.7234
681,179.263,11,0.0538,148,0.7234
682,179.513,2,0.0098,148,0.7234
683,179.763,2,0.0098,148,0.7234
684,180.013,10,0.0489,148,0.7234
685,180.263,8,0.0391,148,0.7234
686,180.513,0,0.0000,148,0.7234
687,180.763,0,0.0000,148,0.7234
688,181.013,1,0.0049,148,0.7234
689,181.263,8,0.0391,148,0.7234
690,181.513,14,0.0684,148,0.7234
691,181.763,0,0.0000,148,0.7234
692,182.013,0,0.0000,148,0.7234
693,182.263,2,0.0098,148,0.7234
694,182.513,2,0.0098,148,0.7234
695,182.763,9,0.0440,148,0.7234
696,183.013,9,0.0440,148,0.7234
697,183.263,14,0.0684,148,0.7234
698,183.513,11,0.0538,148,0.7234
699,183.763,6,0.0293,148,0.7234
700,184.013,8,0.0391,148,0.7234
701,184.263,13,0.0635,148,0.7234
702,184.513,0,0.0000,148,0.7234
703,184.763,0,0.0000,148,0.7234
704,185.013,0,0.0000,148,0.7234
705,185.263,9,0.0440,148,0.7234
706,185.513,9,0.0440,148,0.7234
707,185.763,8,0.0391,148,0.7234
708,186.013,12,0.0587,147,0.7185
709,186.263,11,0.0538,148,0.7234
710,186.513,11,0.0538,148,0.7234
711,186.763,0,0.0000,148,0.7234
712,187.013,8,0.0391,148,0.7234
713,187.264,1,0.0049,148,0.7234
714,187.514,10,0.0489,148,0.7234
715,187.764,2,0.0098,148,0.7234
716,188.014,13,0.0635,147,0.7185
717,188.264,22,0.1075,148,0.7234
718,188.514,15,0.0733,148,0.7234
719,188.764,12,0.0587,148,0.7234
720,189.014,13,0.0635,148,0.7234
721,189.264,11,0.0538,148,0.7234
722,189.514,5,0.0244,148,0.7234
723,189.764,1,0.0049,148,0.7234
724,190.014,11,0.0538,148,0.7234
725,190.264,21,0.1026,148,0.7234
726,190.514,19,0.0929,148,0.7234
727,190.764,19,0.0929,148,0.7234
728,191.014,6,0.0293,147,0.7185
729,191.264,2,0.0098,148,0.7234
730,191.514,1,0.0049,148,0.7234
731,191.764,5,0.0244,148,0.7234
732,192.014,16,0.0782,148,0.7234
733,192.264,1,0.0049,148,0.7234
734,192.514,5,0.0244,148,0.7234
735,192.764,19,0.0929,148,0.7234
736,193.014,0,0.0000,148,0.7234
737,193.264,22,0.1075,148,0.7234
738,193.514,14,0.0684,148,0.7234
739,193.764,11,0.0538,148,0.7234
740,194.014,6,0.0293,148,0.7234
741,194.264,12,0.0587,148,0.7234
742,194.514,1,0.0049,148,0.7234
743,194.764,10,0.0489,148,0.7234
744,195.014,1,0.0049,148,0.7234
745,195.264,1,0.0049,148,0.7234
746,195.514,8,0.0391,148,0.7234
747,195.764,1,0.0049,148,0.7234
748,196.014,13,0.0635,148,0.7234
749,196.264,7,0.0342,148,0.7234
750,196.514,3,0.0147,148,0.7234
751,196.764,7,0.0342,148,0.7234
752,197.014,1,0.0049,148,0.7234
753,197.264,1,0.0049,148,0.7234
754,197.514,0,0.0000,148,0.7234
755,197.764,0,0.0000,148,0.7234
756,198.014,11,0.0538,148,0.7234
757,198.264,4,0.0196,148,0.7234
758,198.514,0,0.0000,148,0.7234
759,198.764,2,0.0098,148,0.7234
760,199.014,17,0.0831,148,0.7234
761,199.264,1,0.0049,148,0.7234
762,199.514,0,0.0000,148,0.7234
763,199.764,4,0.0196,148,0.7234
764,200.014,1,0.0049,148,0.7234
765,200.264,2,0.0098,148,0.7234
766,200.514,1,0.0049,148,0.7234
767,200.764,1,0.0049,148,0.7234
768,201.014,1,0.0049,148,0.7234
769,201.264,1,0.0049,148,0.7234
770,201.515,2,0.0098,148,0.7234
771,201.765,9,0.0440,148,0.7234
772,202.015,4,0.0196,148,0.7234
773,202.265,0,0.0000,148,0.7234
774,202.515,2,0.0098,148,0.7234
775,202.765,9,0.0440,148,0.7234
776,203.015,10,0.0489,148,0.7234
777,203.265,12,0.0587,148,0.7234
778,203.515,1,0.0049,148,0.7234
779,203.765,0,0.0000,148,0.7234
780,204.015,2,0.0098,148,0.7234
781,204.265,10,0.0489,148,0.7234
782,204.515,1,0.0049,148,0.7234
783,204.765,1,0.0049,148,0.7234
784,205.015,13,0.0635,148,0.7234
785,205.265,1,0.0049,148,0.7234
786,205.515,2,0.0098,148,0.7234
787,205.765,1,0.0049,148,0.7234
788,206.015,1,0.0049,148,0.7234
789,206.265,1,0.0049,148,0.7234
790,206.515,1,0.0049,148,0.7234
791,206.765,0,0.0000,148,0.7234
792,207.015,0,0.0000,148,0.7234
793,207.265,1,0.0049,148,0.7234
794,207.515,11,0.0538,148,0.7234
795,207.765,11,0.0538,148,0.7234
796,208.015,13,0.0635,148,0.7234
797,208.265,1,0.0049,148,0.7234
798,208.515,5,0.0244,148,0.7234
799,208.765,17,0.0831,148,0.7234
800,209.015,2,0.0098,148,0.7234
801,209.265,17,0.0831,148,0.7234
802,209.515,1,0.0049,148,0.7234
803,209.765,15,0.0733,148,0.7234
804,210.015,1,0.0049,148,0.7234
805,210.265,21,0.1026,148,0.7234
806,210.515,0,0.0000,148,0.7234
807,210.765,1,0.0049,148,0.7234
808,211.015,1,0.0049,148,0.7234
809,211.265,2,0.0098,148,0.7234
810,211.515,10,0.0489,148,0.7234
811,211.765,2,0.0098,148,0.7234
812,212.015,1,0.0049,148,0.7234
813,212.265,1,0.0049,148,0.7234
814,212.515,1,0.0049,148,0.7234
815,212.765,15,0.0733,148,0.7234
816,213.015,1,0.0049,148,0.7234
817,213.265,1,0.0049,148,0.7234
818,213.515,10,0.0489,148,0.7234
819,213.765,1,0.0049,148,0.7234
820,214.016,1,0.0049,148,0.7234
821,214.266,17,0.0831,148,0.7234
822,214.516,0,0.0000,148,0.7234
823,214.766,1,0.0049,148,0.7234
824,215.016,6,0.0293,148,0.7234
825,215.266,1,0.0049,148,0.7234
826,215.516,8,0.0391,148,0.7234
827,215.766,0,0.0000,148,0.7234
828,216.016,10,0.0489,148,0.7234
829,216.266,1,0.0049,148,0.7234
830,216.516,2,0.0098,148,0.7234
831,216.766,14,0.0684,148,0.7234
832,217.016,10,0.0489,148,0.7234
833,217.266,1,0.0049,148,0.7234
834,217.516,11,0.0538,148,0.7234
835,217.766,5,0.0244,148,0.7234
836,218.016,0,0.0000,148,0.7234
837,218.266,12,0.0587,148,0.7234
838,218.516,0,0.0000,148,0.7234
839,218.766,0,0.0000,148,0.7234
840,219.016,1,0.0049,148,0.7234
841,219.266,13,0.0635,148,0.7234
842,219.516,2,0.0098,148,0.7234
843,219.766,2,0.0098,148,0.7234
844,220.016,15,0.0733,148,0.7234
845,220.266,9,0.0440,148,0.7234
846,220.516,1,0.0049,148,0.7234
847,220.766,1,0.0049,148,0.7234
848,221.016,2,0.0098,148,0.7234
849,221.266,15,0.0733,148,0.7234
850,221.516,2,0.0098,148,0.7234
851,221.766,1,0.0049,148,0.7234
852,222.016,17,0.0831,148,0.7234
853,222.266,0,0.0000,148,0.7234
854,222.516,17,0.0831,148,0.7234
855,222.766,1,0.0049,148,0.7234
856,223.016,12,0.0587,148,0.7234
857,223.266,1,0.0049,148,0.7234
858,223.516,1,0.0049,148,0.7234
859,223.766,1,0.0049,148,0.7234
860,224.016,1,0.0049,148,0.7234
861,224.266,16,0.0782,148,0.7234
862,224.516,1,0.0049,148,0.7234
863,224.766,2,0.0098,148,0.7234
864,225.016,0,0.0000,148,0.7234
865,225.266,1,0.0049,148,0.7234
866,225.516,1,0.0049,148,0.7234
867,225.766,13,0.0635,148,0.7234
868,226.016,4,0.0196,148,0.7234
869,226.266,0,0.0000,148,0.7234
870,226.516,13,0.0635,148,0.7234
871,226.766,13,0.0635,148,0.7234
872,227.016,0,0.0000,148,0.7234
873,227.266,11,0.0538,148,0.7234
874,227.516,13,0.0635,148,0.7234
875,227.766,0,0.0000,148,0.7234
876,228.016,13,0.0635,148,0.7234
877,228.267,0,0.0000,148,0.7234
878,228.517,0,0.0000,148,0.7234
879,228.767,0,0.0000,148,0.7234
880,229.017,0,0.0000,148,0.7234
881,229.267,12,0.0587,148,0.7234
882,229.517,5,0.0244,148,0.7234
883,229.767,0,0.0000,148,0.7234
884,230.017,5,0.0244,148,0.7234
885,230.267,16,0.0782,148,0.7234
886,230.517,11,0.0538,148,0.7234
887,230.767,2,0.0098,148,0.7234
888,231.017,6,0.0293,148,0.7234
889,231.267,0,0.0000,148,0.7234
890,231.517,0,0.0000,148,0.7234
891,231.767,0,0.0000,148,0.7234
892,232.017,0,0.0000,148,0.7234
893,232.267,0,0.0000,148,0.7234
894,232.517,0,0.0000,148,0.7234
895,232.767,0,0.0000,148,0.7234
896,233.017,10,0.0489,148,0.7234
897,233.267,11,0.0538,148,0.7234
898,233.517,10,0.0489,148,0.7234
899,233.767,0,0.0000,148,0.7234
900,234.017,0,0.0000,148,0.7234
901,234.267,0,0.0000,148,0.7234
902,234.517,0,0.0000,148,0.7234
903,234.767,13,0.0635,148,0.7234
904,235.017,12,0.0587,148,0.7234
905,235.267,0,0.0000,148,0.7234
906,235.517,0,0.0000,148,0.7234
907,235.767,5,0.0244,148,0.7234
908,236.017,0,0.0000,148,0.7234
909,236.267,11,0.0538,148,0.7234
910,236.517,10,0.0489,148,0.7234
911,236.767,14,0.0684,148,0.7234
912,237.017,8,0.0391,148,0.7234
913,237.267,9,0.0440,148,0.7234
914,237.517,15,0.0733,148,0.7234
915,237.767,1,0.0049,148,0.7234
916,238.017,1,0.0049,148,0.7234
917,238.267,2,0.0098,148,0.7234
918,238.517,1,0.0049,148,0.7234
919,238.767,1,0.0049,148,0.7234
920,239.017,1,0.0049,148,0.7234
921,239.267,2,0.0098,148,0.7234
922,239.517,1,0.0049,148,0.7234
923,239.767,0,0.0000,148,0.7234
924,240.017,1,0.0049,148,0.7234
925,240.267,1,0.0049,148,0.7234
926,240.517,7,0.0342,148,0.7234
927,240.768,1,0.0049,148,0.7234
928,241.018,1,0.0049,148,0.7234
929,241.268,1,0.0049,148,0.7234
930,241.518,7,0.0342,148,0.7234
931,241.768,6,0.0293,148,0.7234
932,242.018,1,0.0049,148,0.7234
933,242.268,1,0.0049,148,0.7234
934,242.518,1,0.0049,148,0.7234
